,FedFunds,Unemployment,HousingStarts,Inflation
1947-01-01,,,,21.48
1947-02-01,,,,21.62
1947-03-01,,,,22.0
1947-04-01,,,,22.0
1947-05-01,,,,21.95
1947-06-01,,,,22.08
1947-07-01,,,,22.23
1947-08-01,,,,22.4
1947-09-01,,,,22.84
1947-10-01,,,,22.91
1947-11-01,,,,23.06
1947-12-01,,,,23.41
1948-01-01,,3.4,,23.68
1948-02-01,,3.8,,23.67
1948-03-01,,4.0,,23.5
1948-04-01,,3.9,,23.82
1948-05-01,,3.5,,24.01
1948-06-01,,3.6,,24.15
1948-07-01,,3.6,,24.4
1948-08-01,,3.9,,24.43
1948-09-01,,3.8,,24.36
1948-10-01,,3.7,,24.31
1948-11-01,,3.8,,24.16
1948-12-01,,4.0,,24.05
1949-01-01,,4.3,,24.01
1949-02-01,,4.7,,23.91
1949-03-01,,5.0,,23.91
1949-04-01,,5.3,,23.92
1949-05-01,,6.1,,23.91
1949-06-01,,6.2,,23.92
1949-07-01,,6.7,,23.7
1949-08-01,,6.8,,23.7
1949-09-01,,6.6,,23.75
1949-10-01,,7.9,,23.67
1949-11-01,,6.4,,23.7
1949-12-01,,6.6,,23.61
1950-01-01,,6.5,,23.51
1950-02-01,,6.4,,23.61
1950-03-01,,6.3,,23.64
1950-04-01,,5.8,,23.65
1950-05-01,,5.5,,23.77
1950-06-01,,5.4,,23.88
1950-07-01,,5.0,,24.07
1950-08-01,,4.5,,24.2
1950-09-01,,4.4,,24.34
1950-10-01,,4.2,,24.5
1950-11-01,,4.2,,24.6
1950-12-01,,4.3,,24.98
1951-01-01,,3.7,,25.38
1951-02-01,,3.4,,25.83
1951-03-01,,3.4,,25.88
1951-04-01,,3.1,,25.92
1951-05-01,,3.0,,25.99
1951-06-01,,3.2,,25.93
1951-07-01,,3.1,,25.91
1951-08-01,,3.1,,25.86
1951-09-01,,3.3,,26.03
1951-10-01,,3.5,,26.16
1951-11-01,,3.5,,26.32
1951-12-01,,3.1,,26.47
1952-01-01,,3.2,,26.45
1952-02-01,,3.1,,26.41
1952-03-01,,2.9,,26.39
1952-04-01,,2.9,,26.46
1952-05-01,,3.0,,26.47
1952-06-01,,3.0,,26.53
1952-07-01,,3.2,,26.68
1952-08-01,,3.4,,26.69
1952-09-01,,3.1,,26.63
1952-10-01,,3.0,,26.69
1952-11-01,,2.8,,26.69
1952-12-01,,2.7,,26.71
1953-01-01,,2.9,,26.64
1953-02-01,,2.6,,26.59
1953-03-01,,2.6,,26.63
1953-04-01,,2.7,,26.69
1953-05-01,,2.5,,26.7
1953-06-01,,2.5,,26.77
1953-07-01,,2.6,,26.79
1953-08-01,,2.7,,26.85
1953-09-01,,2.9,,26.89
1953-10-01,,3.1,,26.95
1953-11-01,,3.5,,26.85
1953-12-01,,4.5,,26.87
1954-01-01,,4.9,,26.94
1954-02-01,,5.2,,26.99
1954-03-01,,5.7,,26.93
1954-04-01,,5.9,,26.86
1954-05-01,,5.9,,26.93
1954-06-01,,5.6,,26.94
1954-07-01,0.8,5.8,,26.86
1954-08-01,1.22,6.0,,26.85
1954-09-01,1.07,6.1,,26.81
1954-10-01,0.85,5.7,,26.72
1954-11-01,0.83,5.3,,26.78
1954-12-01,1.28,5.0,,26.77
1955-01-01,1.39,4.9,,26.77
1955-02-01,1.29,4.7,,26.82
1955-03-01,1.35,4.6,,26.79
1955-04-01,1.43,4.7,,26.79
1955-05-01,1.43,4.3,,26.77
1955-06-01,1.64,4.2,,26.71
1955-07-01,1.68,4.0,,26.76
1955-08-01,1.96,4.2,,26.72
1955-09-01,2.18,4.1,,26.85
1955-10-01,2.24,4.3,,26.82
1955-11-01,2.35,4.2,,26.88
1955-12-01,2.48,4.2,,26.87
1956-01-01,2.45,4.0,,26.83
1956-02-01,2.5,3.9,,26.86
1956-03-01,2.5,4.2,,26.89
1956-04-01,2.62,4.0,,26.93
1956-05-01,2.75,4.3,,27.03
1956-06-01,2.71,4.3,,27.15
1956-07-01,2.75,4.4,,27.29
1956-08-01,2.73,4.1,,27.31
1956-09-01,2.95,3.9,,27.35
1956-10-01,2.96,3.9,,27.51
1956-11-01,2.88,4.3,,27.51
1956-12-01,2.94,4.2,,27.63
1957-01-01,2.84,4.2,,27.67
1957-02-01,3.0,3.9,,27.8
1957-03-01,2.96,3.7,,27.86
1957-04-01,3.0,3.9,,27.93
1957-05-01,3.0,4.1,,28.0
1957-06-01,3.0,4.3,,28.11
1957-07-01,2.99,4.2,,28.19
1957-08-01,3.24,4.1,,28.28
1957-09-01,3.47,4.4,,28.32
1957-10-01,3.5,4.5,,28.32
1957-11-01,3.28,5.1,,28.41
1957-12-01,2.98,5.2,,28.47
1958-01-01,2.72,5.8,,28.64
1958-02-01,1.67,6.4,,28.7
1958-03-01,1.2,6.7,,28.87
1958-04-01,1.26,7.4,,28.94
1958-05-01,0.63,7.4,,28.94
1958-06-01,0.93,7.3,,28.91
1958-07-01,0.68,7.5,,28.89
1958-08-01,1.53,7.4,,28.94
1958-09-01,1.76,7.1,,28.91
1958-10-01,1.8,6.7,,28.91
1958-11-01,2.27,6.2,,28.95
1958-12-01,2.42,6.2,,28.97
1959-01-01,2.48,6.0,1657.0,29.01
1959-02-01,2.43,5.9,1667.0,29.0
1959-03-01,2.8,5.6,1620.0,28.97
1959-04-01,2.96,5.2,1590.0,28.98
1959-05-01,2.9,5.1,1498.0,29.04
1959-06-01,3.39,5.0,1503.0,29.11
1959-07-01,3.47,5.1,1547.0,29.15
1959-08-01,3.5,5.2,1430.0,29.18
1959-09-01,3.76,5.5,1540.0,29.25
1959-10-01,3.98,5.7,1355.0,29.35
1959-11-01,4.0,5.8,1416.0,29.35
1959-12-01,3.99,5.3,1601.0,29.41
1960-01-01,3.99,5.2,1460.0,29.37
1960-02-01,3.97,4.8,1503.0,29.41
1960-03-01,3.84,5.4,1109.0,29.41
1960-04-01,3.92,5.2,1289.0,29.54
1960-05-01,3.85,5.1,1271.0,29.57
1960-06-01,3.32,5.4,1247.0,29.61
1960-07-01,3.23,5.5,1197.0,29.55
1960-08-01,2.98,5.6,1344.0,29.61
1960-09-01,2.6,5.5,1097.0,29.61
1960-10-01,2.47,6.1,1246.0,29.75
1960-11-01,2.44,6.1,1246.0,29.78
1960-12-01,1.98,6.6,1063.0,29.81
1961-01-01,1.45,6.6,1183.0,29.84
1961-02-01,2.54,6.9,1226.0,29.84
1961-03-01,2.02,6.9,1312.0,29.84
1961-04-01,1.49,7.0,1166.0,29.81
1961-05-01,1.98,7.1,1228.0,29.84
1961-06-01,1.73,6.9,1382.0,29.84
1961-07-01,1.17,7.0,1335.0,29.92
1961-08-01,2.0,6.6,1312.0,29.94
1961-09-01,1.88,6.7,1429.0,29.98
1961-10-01,2.26,6.5,1415.0,29.98
1961-11-01,2.61,6.1,1385.0,29.98
1961-12-01,2.33,6.0,1365.0,30.01
1962-01-01,2.15,5.8,1361.0,30.04
1962-02-01,2.37,5.5,1278.0,30.11
1962-03-01,2.85,5.6,1443.0,30.17
1962-04-01,2.78,5.6,1524.0,30.21
1962-05-01,2.36,5.5,1483.0,30.24
1962-06-01,2.68,5.5,1404.0,30.21
1962-07-01,2.71,5.4,1450.0,30.22
1962-08-01,2.93,5.7,1517.0,30.28
1962-09-01,2.9,5.6,1324.0,30.42
1962-10-01,2.9,5.4,1533.0,30.38
1962-11-01,2.94,5.7,1622.0,30.38
1962-12-01,2.93,5.5,1564.0,30.38
1963-01-01,2.92,5.7,1244.0,30.44
1963-02-01,3.0,5.9,1456.0,30.48
1963-03-01,2.98,5.7,1534.0,30.51
1963-04-01,2.9,5.7,1689.0,30.48
1963-05-01,3.0,5.9,1641.0,30.51
1963-06-01,2.99,5.6,1588.0,30.61
1963-07-01,3.02,5.6,1614.0,30.69
1963-08-01,3.49,5.4,1639.0,30.75
1963-09-01,3.48,5.5,1763.0,30.72
1963-10-01,3.5,5.5,1779.0,30.75
1963-11-01,3.48,5.7,1622.0,30.78
1963-12-01,3.38,5.5,1491.0,30.88
1964-01-01,3.48,5.6,1603.0,30.94
1964-02-01,3.48,5.4,1820.0,30.91
1964-03-01,3.43,5.4,1517.0,30.94
1964-04-01,3.47,5.3,1448.0,30.95
1964-05-01,3.5,5.1,1467.0,30.98
1964-06-01,3.5,5.2,1550.0,31.01
1964-07-01,3.42,4.9,1562.0,31.02
1964-08-01,3.5,5.0,1569.0,31.05
1964-09-01,3.45,5.1,1455.0,31.08
1964-10-01,3.36,5.1,1524.0,31.12
1964-11-01,3.52,4.8,1486.0,31.21
1964-12-01,3.85,5.0,1484.0,31.25
1965-01-01,3.9,4.9,1361.0,31.28
1965-02-01,3.98,5.1,1433.0,31.28
1965-03-01,4.05,4.7,1423.0,31.31
1965-04-01,4.09,4.8,1438.0,31.38
1965-05-01,4.1,4.6,1478.0,31.48
1965-06-01,4.05,4.6,1488.0,31.61
1965-07-01,4.09,4.4,1529.0,31.58
1965-08-01,4.12,4.4,1432.0,31.55
1965-09-01,4.02,4.3,1482.0,31.62
1965-10-01,4.08,4.2,1452.0,31.65
1965-11-01,4.1,4.1,1460.0,31.75
1965-12-01,4.32,4.0,1656.0,31.85
1966-01-01,4.42,4.0,1370.0,31.88
1966-02-01,4.6,3.8,1378.0,32.08
1966-03-01,4.66,3.8,1394.0,32.18
1966-04-01,4.67,3.8,1352.0,32.28
1966-05-01,4.9,3.9,1265.0,32.35
1966-06-01,5.17,3.8,1194.0,32.38
1966-07-01,5.3,3.8,1086.0,32.45
1966-08-01,5.53,3.8,1119.0,32.65
1966-09-01,5.4,3.7,1046.0,32.75
1966-10-01,5.53,3.7,843.0,32.85
1966-11-01,5.76,3.6,961.0,32.88
1966-12-01,5.4,3.8,990.0,32.92
1967-01-01,4.94,3.9,1067.0,32.9
1967-02-01,5.0,3.8,1123.0,33.0
1967-03-01,4.53,3.8,1056.0,33.0
1967-04-01,4.05,3.8,1091.0,33.1
1967-05-01,3.94,3.8,1304.0,33.1
1967-06-01,3.98,3.9,1248.0,33.3
1967-07-01,3.79,3.8,1364.0,33.4
1967-08-01,3.9,3.8,1407.0,33.5
1967-09-01,3.99,3.8,1421.0,33.6
1967-10-01,3.88,4.0,1491.0,33.7
1967-11-01,4.13,3.9,1538.0,33.9
1967-12-01,4.51,3.8,1308.0,34.0
1968-01-01,4.61,3.7,1380.0,34.1
1968-02-01,4.71,3.8,1520.0,34.2
1968-03-01,5.05,3.7,1466.0,34.3
1968-04-01,5.76,3.5,1554.0,34.4
1968-05-01,6.12,3.5,1408.0,34.5
1968-06-01,6.07,3.7,1405.0,34.7
1968-07-01,6.03,3.7,1512.0,34.9
1968-08-01,6.03,3.5,1495.0,35.0
1968-09-01,5.78,3.4,1556.0,35.1
1968-10-01,5.91,3.4,1569.0,35.3
1968-11-01,5.82,3.4,1630.0,35.4
1968-12-01,6.02,3.4,1548.0,35.6
1969-01-01,6.3,3.4,1769.0,35.7
1969-02-01,6.61,3.4,1705.0,35.8
1969-03-01,6.79,3.4,1561.0,36.1
1969-04-01,7.41,3.4,1524.0,36.3
1969-05-01,8.67,3.4,1583.0,36.4
1969-06-01,8.9,3.5,1528.0,36.6
1969-07-01,8.61,3.5,1368.0,36.8
1969-08-01,9.19,3.5,1358.0,36.9
1969-09-01,9.15,3.7,1507.0,37.1
1969-10-01,9.0,3.7,1381.0,37.3
1969-11-01,8.85,3.5,1229.0,37.5
1969-12-01,8.97,3.5,1327.0,37.7
1970-01-01,8.98,3.9,1085.0,37.9
1970-02-01,8.98,4.2,1305.0,38.1
1970-03-01,7.76,4.4,1319.0,38.3
1970-04-01,8.1,4.6,1264.0,38.5
1970-05-01,7.95,4.8,1290.0,38.6
1970-06-01,7.61,4.9,1385.0,38.8
1970-07-01,7.21,5.0,1517.0,38.9
1970-08-01,6.62,5.1,1399.0,39.0
1970-09-01,6.29,5.4,1534.0,39.2
1970-10-01,6.2,5.5,1580.0,39.4
1970-11-01,5.6,5.9,1647.0,39.6
1970-12-01,4.9,6.1,1893.0,39.8
1971-01-01,4.14,5.9,1828.0,39.9
1971-02-01,3.72,5.9,1741.0,39.9
1971-03-01,3.71,6.0,1910.0,40.0
1971-04-01,4.16,5.9,1986.0,40.1
1971-05-01,4.63,5.9,2049.0,40.3
1971-06-01,4.91,5.9,2026.0,40.5
1971-07-01,5.31,6.0,2083.0,40.6
1971-08-01,5.57,6.1,2158.0,40.7
1971-09-01,5.55,6.0,2041.0,40.8
1971-10-01,5.2,5.8,2128.0,40.9
1971-11-01,4.91,6.0,2182.0,41.0
1971-12-01,4.14,6.0,2295.0,41.1
1972-01-01,3.51,5.8,2494.0,41.2
1972-02-01,3.3,5.7,2390.0,41.4
1972-03-01,3.83,5.8,2334.0,41.4
1972-04-01,4.17,5.7,2249.0,41.5
1972-05-01,4.27,5.7,2221.0,41.6
1972-06-01,4.46,5.7,2254.0,41.7
1972-07-01,4.55,5.6,2252.0,41.8
1972-08-01,4.81,5.6,2382.0,41.9
1972-09-01,4.87,5.5,2481.0,42.1
1972-10-01,5.05,5.6,2485.0,42.2
1972-11-01,5.06,5.3,2421.0,42.4
1972-12-01,5.33,5.2,2366.0,42.5
1973-01-01,5.94,4.9,2481.0,42.7
1973-02-01,6.58,5.0,2289.0,43.0
1973-03-01,7.09,4.9,2365.0,43.4
1973-04-01,7.12,5.0,2084.0,43.7
1973-05-01,7.84,4.9,2266.0,43.9
1973-06-01,8.49,4.9,2067.0,44.2
1973-07-01,10.4,4.8,2123.0,44.2
1973-08-01,10.5,4.8,2051.0,45.0
1973-09-01,10.78,4.8,1874.0,45.2
1973-10-01,10.01,4.6,1677.0,45.6
1973-11-01,10.03,4.8,1724.0,45.9
1973-12-01,9.95,4.9,1526.0,46.3
1974-01-01,9.65,5.1,1451.0,46.8
1974-02-01,8.97,5.2,1752.0,47.3
1974-03-01,9.35,5.1,1555.0,47.8
1974-04-01,10.51,5.1,1607.0,48.1
1974-05-01,11.31,5.1,1426.0,48.6
1974-06-01,11.93,5.4,1513.0,49.0
1974-07-01,12.92,5.5,1316.0,49.3
1974-08-01,12.01,5.5,1142.0,49.9
1974-09-01,11.34,5.9,1150.0,50.6
1974-10-01,10.06,6.0,1070.0,51.0
1974-11-01,9.45,6.6,1026.0,51.5
1974-12-01,8.53,7.2,975.0,51.9
1975-01-01,7.13,8.1,1032.0,52.3
1975-02-01,6.24,8.1,904.0,52.6
1975-03-01,5.54,8.6,993.0,52.8
1975-04-01,5.49,8.8,1005.0,53.0
1975-05-01,5.22,9.0,1121.0,53.1
1975-06-01,5.55,8.8,1087.0,53.5
1975-07-01,6.1,8.6,1226.0,54.0
1975-08-01,6.14,8.4,1260.0,54.2
1975-09-01,6.24,8.4,1264.0,54.6
1975-10-01,5.82,8.4,1344.0,54.9
1975-11-01,5.22,8.3,1360.0,55.3
1975-12-01,5.2,8.2,1321.0,55.6
1976-01-01,4.87,7.9,1367.0,55.8
1976-02-01,4.77,7.7,1538.0,55.9
1976-03-01,4.84,7.6,1421.0,56.0
1976-04-01,4.82,7.7,1395.0,56.1
1976-05-01,5.29,7.4,1459.0,56.4
1976-06-01,5.48,7.6,1495.0,56.7
1976-07-01,5.31,7.8,1401.0,57.0
1976-08-01,5.29,7.8,1550.0,57.3
1976-09-01,5.25,7.6,1720.0,57.6
1976-10-01,5.02,7.7,1629.0,57.9
1976-11-01,4.95,7.8,1641.0,58.1
1976-12-01,4.65,7.8,1804.0,58.4
1977-01-01,4.61,7.5,1527.0,58.7
1977-02-01,4.68,7.6,1943.0,59.3
1977-03-01,4.69,7.4,2063.0,59.6
1977-04-01,4.73,7.2,1892.0,60.0
1977-05-01,5.35,7.0,1971.0,60.2
1977-06-01,5.39,7.2,1893.0,60.5
1977-07-01,5.42,6.9,2058.0,60.8
1977-08-01,5.9,7.0,2020.0,61.1
1977-09-01,6.14,6.8,1949.0,61.3
1977-10-01,6.47,6.8,2042.0,61.6
1977-11-01,6.51,6.8,2042.0,62.0
1977-12-01,6.56,6.4,2142.0,62.3
1978-01-01,6.7,6.4,1718.0,62.7
1978-02-01,6.78,6.3,1738.0,63.0
1978-03-01,6.79,6.3,2032.0,63.4
1978-04-01,6.89,6.1,2197.0,63.9
1978-05-01,7.36,6.0,2075.0,64.5
1978-06-01,7.6,5.9,2070.0,65.0
1978-07-01,7.81,6.2,2092.0,65.5
1978-08-01,8.04,5.9,1996.0,65.9
1978-09-01,8.45,6.0,1970.0,66.5
1978-10-01,8.96,5.8,1981.0,67.1
1978-11-01,9.76,5.9,2094.0,67.5
1978-12-01,10.03,6.0,2044.0,67.9
1979-01-01,10.07,5.9,1630.0,68.5
1979-02-01,10.06,5.9,1520.0,69.2
1979-03-01,10.09,5.8,1847.0,69.9
1979-04-01,10.01,5.8,1748.0,70.6
1979-05-01,10.24,5.6,1876.0,71.4
1979-06-01,10.29,5.7,1913.0,72.2
1979-07-01,10.47,5.7,1760.0,73.0
1979-08-01,10.94,6.0,1778.0,73.7
1979-09-01,11.43,5.9,1832.0,74.4
1979-10-01,13.77,6.0,1681.0,75.2
1979-11-01,13.18,5.9,1524.0,76.0
1979-12-01,13.78,6.0,1498.0,76.9
1980-01-01,13.82,6.3,1341.0,78.0
1980-02-01,14.13,6.3,1350.0,79.0
1980-03-01,17.19,6.3,1047.0,80.1
1980-04-01,17.61,6.9,1051.0,80.9
1980-05-01,10.98,7.5,927.0,81.7
1980-06-01,9.47,7.6,1196.0,82.5
1980-07-01,9.03,7.8,1269.0,82.6
1980-08-01,9.61,7.7,1436.0,83.2
1980-09-01,10.87,7.5,1471.0,83.9
1980-10-01,12.81,7.5,1523.0,84.7
1980-11-01,15.85,7.5,1510.0,85.6
1980-12-01,18.9,7.2,1482.0,86.4
1981-01-01,19.08,7.5,1547.0,87.2
1981-02-01,15.93,7.4,1246.0,88.0
1981-03-01,14.7,7.4,1306.0,88.6
1981-04-01,15.72,7.2,1360.0,89.1
1981-05-01,18.52,7.5,1140.0,89.7
1981-06-01,19.1,7.5,1045.0,90.5
1981-07-01,19.04,7.2,1041.0,91.5
1981-08-01,17.82,7.4,940.0,92.2
1981-09-01,15.87,7.6,911.0,93.1
1981-10-01,15.08,7.9,873.0,93.4
1981-11-01,13.31,8.3,837.0,93.8
1981-12-01,12.37,8.5,910.0,94.1
1982-01-01,13.22,8.6,843.0,94.4
1982-02-01,14.78,8.9,866.0,94.7
1982-03-01,14.68,9.0,931.0,94.7
1982-04-01,14.94,9.3,917.0,95.0
1982-05-01,14.45,9.4,1025.0,95.9
1982-06-01,14.15,9.6,902.0,97.0
1982-07-01,12.59,9.8,1166.0,97.5
1982-08-01,10.12,9.8,1046.0,97.7
1982-09-01,10.31,10.1,1144.0,97.7
1982-10-01,9.71,10.4,1173.0,98.1
1982-11-01,9.2,10.8,1372.0,98.0
1982-12-01,8.95,10.8,1303.0,97.7
1983-01-01,8.68,10.4,1586.0,97.9
1983-02-01,8.51,10.4,1699.0,98.0
1983-03-01,8.77,10.3,1606.0,98.1
1983-04-01,8.8,10.2,1472.0,98.8
1983-05-01,8.63,10.1,1776.0,99.2
1983-06-01,8.98,10.1,1733.0,99.4
1983-07-01,9.37,9.4,1785.0,99.8
1983-08-01,9.56,9.5,1910.0,100.1
1983-09-01,9.45,9.2,1710.0,100.4
1983-10-01,9.48,8.8,1715.0,100.8
1983-11-01,9.34,8.5,1785.0,101.1
1983-12-01,9.47,8.3,1688.0,101.4
1984-01-01,9.56,8.0,1897.0,102.1
1984-02-01,9.59,7.8,2260.0,102.6
1984-03-01,9.91,7.8,1663.0,102.9
1984-04-01,10.29,7.7,1851.0,103.3
1984-05-01,10.32,7.4,1774.0,103.5
1984-06-01,11.06,7.2,1843.0,103.7
1984-07-01,11.23,7.5,1732.0,104.1
1984-08-01,11.64,7.5,1586.0,104.4
1984-09-01,11.3,7.3,1698.0,104.7
1984-10-01,9.99,7.4,1590.0,105.1
1984-11-01,9.43,7.2,1689.0,105.3
1984-12-01,8.38,7.3,1612.0,105.5
1985-01-01,8.35,7.3,1711.0,105.7
1985-02-01,8.5,7.2,1632.0,106.3
1985-03-01,8.58,7.2,1800.0,106.8
1985-04-01,8.27,7.3,1821.0,107.0
1985-05-01,7.97,7.2,1680.0,107.2
1985-06-01,7.53,7.4,1676.0,107.5
1985-07-01,7.88,7.4,1684.0,107.7
1985-08-01,7.9,7.1,1743.0,107.9
1985-09-01,7.92,7.1,1676.0,108.1
1985-10-01,7.99,7.1,1834.0,108.5
1985-11-01,8.05,7.0,1698.0,109.0
1985-12-01,8.27,7.0,1942.0,109.5
1986-01-01,8.14,6.7,1972.0,109.9
1986-02-01,7.86,7.2,1848.0,109.7
1986-03-01,7.48,7.2,1876.0,109.1
1986-04-01,6.99,7.1,1933.0,108.7
1986-05-01,6.85,7.2,1854.0,109.0
1986-06-01,6.92,7.2,1847.0,109.4
1986-07-01,6.56,7.0,1782.0,109.5
1986-08-01,6.17,6.9,1807.0,109.6
1986-09-01,5.89,7.0,1687.0,110.0
1986-10-01,5.85,7.0,1681.0,110.2
1986-11-01,6.04,6.9,1623.0,110.4
1986-12-01,6.91,6.6,1833.0,110.8
1987-01-01,6.43,6.6,1774.0,111.4
1987-02-01,6.1,6.6,1784.0,111.8
1987-03-01,6.13,6.6,1726.0,112.2
1987-04-01,6.37,6.3,1614.0,112.7
1987-05-01,6.85,6.3,1628.0,113.0
1987-06-01,6.73,6.2,1594.0,113.5
1987-07-01,6.58,6.1,1575.0,113.8
1987-08-01,6.73,6.0,1605.0,114.3
1987-09-01,7.22,5.9,1695.0,114.7
1987-10-01,7.29,6.0,1515.0,115.0
1987-11-01,6.69,5.8,1656.0,115.4
1987-12-01,6.77,5.7,1400.0,115.6
1988-01-01,6.83,5.7,1271.0,116.0
1988-02-01,6.58,5.7,1473.0,116.2
1988-03-01,6.58,5.7,1532.0,116.5
1988-04-01,6.87,5.4,1573.0,117.2
1988-05-01,7.09,5.6,1421.0,117.5
1988-06-01,7.51,5.4,1478.0,118.0
1988-07-01,7.75,5.4,1467.0,118.5
1988-08-01,8.01,5.6,1493.0,119.0
1988-09-01,8.19,5.4,1492.0,119.5
1988-10-01,8.3,5.4,1522.0,119.9
1988-11-01,8.35,5.3,1569.0,120.3
1988-12-01,8.76,5.3,1563.0,120.7
1989-01-01,9.12,5.4,1621.0,121.2
1989-02-01,9.36,5.2,1425.0,121.6
1989-03-01,9.85,5.0,1422.0,122.2
1989-04-01,9.84,5.2,1339.0,123.1
1989-05-01,9.81,5.2,1331.0,123.7
1989-06-01,9.53,5.3,1397.0,124.1
1989-07-01,9.24,5.2,1427.0,124.5
1989-08-01,8.99,5.2,1332.0,124.5
1989-09-01,9.02,5.3,1279.0,124.8
1989-10-01,8.84,5.3,1410.0,125.4
1989-11-01,8.55,5.4,1351.0,125.9
1989-12-01,8.45,5.4,1251.0,126.3
1990-01-01,8.23,5.4,1551.0,127.5
1990-02-01,8.24,5.3,1437.0,128.0
1990-03-01,8.28,5.2,1289.0,128.6
1990-04-01,8.26,5.4,1248.0,128.9
1990-05-01,8.18,5.4,1212.0,129.1
1990-06-01,8.29,5.2,1177.0,129.9
1990-07-01,8.15,5.5,1171.0,130.5
1990-08-01,8.13,5.7,1115.0,131.6
1990-09-01,8.2,5.9,1110.0,132.5
1990-10-01,8.11,5.9,1014.0,133.4
1990-11-01,7.81,6.2,1145.0,133.7
1990-12-01,7.31,6.3,969.0,134.2
1991-01-01,6.91,6.4,798.0,134.7
1991-02-01,6.25,6.6,965.0,134.8
1991-03-01,6.12,6.8,921.0,134.8
1991-04-01,5.91,6.7,1001.0,135.1
1991-05-01,5.78,6.9,996.0,135.6
1991-06-01,5.9,6.9,1036.0,136.0
1991-07-01,5.82,6.8,1063.0,136.2
1991-08-01,5.66,6.9,1049.0,136.6
1991-09-01,5.45,6.9,1015.0,137.0
1991-10-01,5.21,7.0,1079.0,137.2
1991-11-01,4.81,7.0,1103.0,137.8
1991-12-01,4.43,7.3,1079.0,138.2
1992-01-01,4.03,7.3,1176.0,138.3
1992-02-01,4.06,7.4,1250.0,138.6
1992-03-01,3.98,7.4,1297.0,139.1
1992-04-01,3.73,7.4,1099.0,139.4
1992-05-01,3.82,7.6,1214.0,139.7
1992-06-01,3.76,7.8,1145.0,140.1
1992-07-01,3.25,7.7,1139.0,140.5
1992-08-01,3.3,7.6,1226.0,140.8
1992-09-01,3.22,7.6,1186.0,141.1
1992-10-01,3.1,7.3,1244.0,141.7
1992-11-01,3.09,7.4,1214.0,142.1
1992-12-01,2.92,7.4,1227.0,142.3
1993-01-01,3.02,7.3,1210.0,142.8
1993-02-01,3.03,7.1,1210.0,143.1
1993-03-01,3.07,7.0,1083.0,143.3
1993-04-01,2.96,7.1,1258.0,143.8
1993-05-01,3.0,7.1,1260.0,144.2
1993-06-01,3.04,7.0,1280.0,144.3
1993-07-01,3.06,6.9,1254.0,144.5
1993-08-01,3.03,6.8,1300.0,144.8
1993-09-01,3.09,6.7,1343.0,145.0
1993-10-01,2.99,6.8,1392.0,145.6
1993-11-01,3.02,6.6,1376.0,146.0
1993-12-01,2.96,6.5,1533.0,146.3
1994-01-01,3.05,6.6,1272.0,146.3
1994-02-01,3.25,6.6,1337.0,146.7
1994-03-01,3.34,6.5,1564.0,147.1
1994-04-01,3.56,6.4,1465.0,147.2
1994-05-01,4.01,6.1,1526.0,147.5
1994-06-01,4.25,6.1,1409.0,147.9
1994-07-01,4.26,6.1,1439.0,148.4
1994-08-01,4.47,6.0,1450.0,149.0
1994-09-01,4.73,5.9,1474.0,149.3
1994-10-01,4.76,5.8,1450.0,149.4
1994-11-01,5.29,5.6,1511.0,149.8
1994-12-01,5.45,5.5,1455.0,150.1
1995-01-01,5.53,5.6,1407.0,150.5
1995-02-01,5.92,5.4,1316.0,150.9
1995-03-01,5.98,5.4,1249.0,151.2
1995-04-01,6.05,5.8,1267.0,151.8
1995-05-01,6.01,5.6,1314.0,152.1
1995-06-01,6.0,5.6,1281.0,152.4
1995-07-01,5.85,5.7,1461.0,152.6
1995-08-01,5.74,5.7,1416.0,152.9
1995-09-01,5.8,5.6,1369.0,153.1
1995-10-01,5.76,5.5,1369.0,153.5
1995-11-01,5.8,5.6,1452.0,153.7
1995-12-01,5.6,5.6,1431.0,153.9
1996-01-01,5.56,5.6,1467.0,154.7
1996-02-01,5.22,5.5,1491.0,155.0
1996-03-01,5.31,5.5,1424.0,155.5
1996-04-01,5.22,5.6,1516.0,156.1
1996-05-01,5.24,5.6,1504.0,156.4
1996-06-01,5.27,5.3,1467.0,156.7
1996-07-01,5.4,5.5,1472.0,157.0
1996-08-01,5.22,5.1,1557.0,157.2
1996-09-01,5.3,5.2,1475.0,157.7
1996-10-01,5.24,5.2,1392.0,158.2
1996-11-01,5.31,5.4,1489.0,158.7
1996-12-01,5.29,5.4,1370.0,159.1
1997-01-01,5.25,5.3,1355.0,159.4
1997-02-01,5.19,5.2,1486.0,159.7
1997-03-01,5.39,5.2,1457.0,159.8
1997-04-01,5.51,5.1,1492.0,159.9
1997-05-01,5.5,4.9,1442.0,159.9
1997-06-01,5.56,5.0,1494.0,160.2
1997-07-01,5.52,4.9,1437.0,160.4
1997-08-01,5.54,4.8,1390.0,160.8
1997-09-01,5.54,4.9,1546.0,161.2
1997-10-01,5.5,4.7,1520.0,161.5
1997-11-01,5.52,4.6,1510.0,161.7
1997-12-01,5.5,4.7,1566.0,161.8
1998-01-01,5.56,4.6,1525.0,162.0
1998-02-01,5.51,4.6,1584.0,162.0
1998-03-01,5.49,4.7,1567.0,162.0
1998-04-01,5.45,4.3,1540.0,162.2
1998-05-01,5.49,4.4,1536.0,162.6
1998-06-01,5.56,4.5,1641.0,162.8
1998-07-01,5.54,4.5,1698.0,163.2
1998-08-01,5.55,4.5,1614.0,163.4
1998-09-01,5.51,4.6,1582.0,163.5
1998-10-01,5.07,4.5,1715.0,163.9
1998-11-01,4.83,4.4,1660.0,164.1
1998-12-01,4.68,4.4,1792.0,164.4
1999-01-01,4.63,4.3,1748.0,164.7
1999-02-01,4.76,4.4,1670.0,164.7
1999-03-01,4.81,4.2,1710.0,164.8
1999-04-01,4.74,4.3,1553.0,165.9
1999-05-01,4.74,4.2,1611.0,166.0
1999-06-01,4.76,4.3,1559.0,166.0
1999-07-01,4.99,4.3,1669.0,166.7
1999-08-01,5.07,4.2,1648.0,167.1
1999-09-01,5.22,4.2,1635.0,167.8
1999-10-01,5.2,4.1,1608.0,168.1
1999-11-01,5.42,4.1,1648.0,168.4
1999-12-01,5.3,4.0,1708.0,168.8
2000-01-01,5.45,4.0,1636.0,169.3
2000-02-01,5.73,4.1,1737.0,170.0
2000-03-01,5.85,4.0,1604.0,171.0
2000-04-01,6.02,3.8,1626.0,170.9
2000-05-01,6.27,4.0,1575.0,171.2
2000-06-01,6.53,4.0,1559.0,172.2
2000-07-01,6.54,4.0,1463.0,172.7
2000-08-01,6.5,4.1,1541.0,172.7
2000-09-01,6.52,3.9,1507.0,173.6
2000-10-01,6.51,3.9,1549.0,173.9
2000-11-01,6.51,3.9,1551.0,174.2
2000-12-01,6.4,3.9,1532.0,174.6
2001-01-01,5.98,4.2,1600.0,175.6
2001-02-01,5.49,4.2,1625.0,176.0
2001-03-01,5.31,4.3,1590.0,176.1
2001-04-01,4.8,4.4,1649.0,176.4
2001-05-01,4.21,4.3,1605.0,177.3
2001-06-01,3.97,4.5,1636.0,177.7
2001-07-01,3.77,4.6,1670.0,177.4
2001-08-01,3.65,4.9,1567.0,177.4
2001-09-01,3.07,5.0,1562.0,178.1
2001-10-01,2.49,5.3,1540.0,177.6
2001-11-01,2.09,5.5,1602.0,177.5
2001-12-01,1.82,5.7,1568.0,177.4
2002-01-01,1.73,5.7,1698.0,177.7
2002-02-01,1.74,5.7,1829.0,178.0
2002-03-01,1.73,5.7,1642.0,178.5
2002-04-01,1.75,5.9,1592.0,179.3
2002-05-01,1.75,5.8,1764.0,179.5
2002-06-01,1.75,5.8,1717.0,179.6
2002-07-01,1.73,5.8,1655.0,180.0
2002-08-01,1.74,5.7,1633.0,180.5
2002-09-01,1.75,5.7,1804.0,180.8
2002-10-01,1.75,5.7,1648.0,181.2
2002-11-01,1.34,5.9,1753.0,181.5
2002-12-01,1.24,6.0,1788.0,181.8
2003-01-01,1.24,5.8,1853.0,182.6
2003-02-01,1.26,5.9,1629.0,183.6
2003-03-01,1.25,5.9,1726.0,183.9
2003-04-01,1.26,6.0,1643.0,183.2
2003-05-01,1.26,6.1,1751.0,182.9
2003-06-01,1.22,6.3,1867.0,183.1
2003-07-01,1.01,6.2,1897.0,183.7
2003-08-01,1.03,6.1,1833.0,184.5
2003-09-01,1.01,6.1,1939.0,185.1
2003-10-01,1.01,6.0,1967.0,184.9
2003-11-01,1.0,5.8,2083.0,185.0
2003-12-01,0.98,5.7,2057.0,185.5
2004-01-01,1.0,5.7,1911.0,186.3
2004-02-01,1.01,5.6,1846.0,186.7
2004-03-01,1.0,5.8,1998.0,187.1
2004-04-01,1.0,5.6,2003.0,187.4
2004-05-01,1.0,5.6,1981.0,188.2
2004-06-01,1.03,5.6,1828.0,188.9
2004-07-01,1.26,5.5,2002.0,189.1
2004-08-01,1.43,5.4,2024.0,189.2
2004-09-01,1.61,5.4,1905.0,189.8
2004-10-01,1.76,5.5,2072.0,190.8
2004-11-01,1.93,5.4,1782.0,191.7
2004-12-01,2.16,5.4,2042.0,191.7
2005-01-01,2.28,5.3,2144.0,191.6
2005-02-01,2.5,5.4,2207.0,192.4
2005-03-01,2.63,5.2,1864.0,193.1
2005-04-01,2.79,5.2,2061.0,193.7
2005-05-01,3.0,5.1,2025.0,193.6
2005-06-01,3.04,5.0,2068.0,193.7
2005-07-01,3.26,5.0,2054.0,194.9
2005-08-01,3.5,4.9,2095.0,196.1
2005-09-01,3.62,5.0,2151.0,198.8
2005-10-01,3.78,5.0,2065.0,199.1
2005-11-01,4.0,5.0,2147.0,198.1
2005-12-01,4.16,4.9,1994.0,198.1
2006-01-01,4.29,4.7,2273.0,199.3
2006-02-01,4.49,4.8,2119.0,199.4
2006-03-01,4.59,4.7,1969.0,199.7
2006-04-01,4.79,4.7,1821.0,200.7
2006-05-01,4.94,4.6,1942.0,201.3
2006-06-01,4.99,4.6,1802.0,201.8
2006-07-01,5.24,4.7,1737.0,202.9
2006-08-01,5.25,4.7,1650.0,203.8
2006-09-01,5.25,4.5,1720.0,202.8
2006-10-01,5.25,4.4,1491.0,201.9
2006-11-01,5.25,4.5,1570.0,202.0
2006-12-01,5.24,4.4,1649.0,203.1
2007-01-01,5.25,4.6,1409.0,203.437
2007-02-01,5.26,4.5,1480.0,204.226
2007-03-01,5.26,4.4,1495.0,205.288
2007-04-01,5.25,4.5,1490.0,205.904
2007-05-01,5.25,4.4,1415.0,206.755
2007-06-01,5.25,4.6,1448.0,207.234
2007-07-01,5.26,4.7,1354.0,207.603
2007-08-01,5.02,4.6,1330.0,207.667
2007-09-01,4.94,4.7,1183.0,208.547
2007-10-01,4.76,4.7,1264.0,209.19
2007-11-01,4.49,4.7,1197.0,210.834
2007-12-01,4.24,5.0,1037.0,211.445
2008-01-01,3.94,5.0,1084.0,212.174
2008-02-01,2.98,4.9,1103.0,212.687
2008-03-01,2.61,5.1,1005.0,213.448
2008-04-01,2.28,5.0,1013.0,213.942
2008-05-01,1.98,5.4,973.0,215.208
2008-06-01,2.0,5.6,1046.0,217.463
2008-07-01,2.01,5.8,923.0,219.016
2008-08-01,2.0,6.1,844.0,218.69
2008-09-01,1.81,6.1,820.0,218.877
2008-10-01,0.97,6.5,777.0,216.995
2008-11-01,0.39,6.8,652.0,213.153
2008-12-01,0.16,7.3,560.0,211.398
2009-01-01,0.15,7.8,490.0,211.933
2009-02-01,0.22,8.3,582.0,212.705
2009-03-01,0.18,8.7,505.0,212.495
2009-04-01,0.15,9.0,478.0,212.709
2009-05-01,0.18,9.4,540.0,213.022
2009-06-01,0.21,9.5,585.0,214.79
2009-07-01,0.16,9.5,594.0,214.726
2009-08-01,0.16,9.6,586.0,215.445
2009-09-01,0.15,9.8,585.0,215.861
2009-10-01,0.12,10.0,534.0,216.509
2009-11-01,0.12,9.9,588.0,217.234
2009-12-01,0.12,9.9,581.0,217.347
2010-01-01,0.11,9.8,614.0,217.488
2010-02-01,0.13,9.8,604.0,217.281
2010-03-01,0.16,9.9,636.0,217.353
2010-04-01,0.2,9.9,687.0,217.403
2010-05-01,0.2,9.6,583.0,217.29
2010-06-01,0.18,9.4,536.0,217.199
2010-07-01,0.18,9.4,546.0,217.605
2010-08-01,0.19,9.5,599.0,217.923
2010-09-01,0.19,9.5,594.0,218.275
2010-10-01,0.19,9.4,543.0,219.035
2010-11-01,0.19,9.8,545.0,219.59
2010-12-01,0.18,9.3,539.0,220.472
2011-01-01,0.17,9.1,630.0,221.187
2011-02-01,0.16,9.0,517.0,221.898
2011-03-01,0.14,9.0,600.0,223.046
2011-04-01,0.1,9.1,554.0,224.093
2011-05-01,0.09,9.0,561.0,224.806
2011-06-01,0.09,9.1,608.0,224.806
2011-07-01,0.07,9.0,623.0,225.395
2011-08-01,0.1,9.0,585.0,226.106
2011-09-01,0.08,9.0,650.0,226.597
2011-10-01,0.07,8.8,610.0,226.75
2011-11-01,0.08,8.6,711.0,227.169
2011-12-01,0.07,8.5,694.0,227.223
2012-01-01,0.08,8.3,723.0,227.842
2012-02-01,0.1,8.3,704.0,228.329
2012-03-01,0.13,8.2,695.0,228.807
2012-04-01,0.14,8.2,753.0,229.187
2012-05-01,0.16,8.2,708.0,228.713
2012-06-01,0.16,8.2,757.0,228.524
2012-07-01,0.16,8.2,740.0,228.59
2012-08-01,0.13,8.1,754.0,229.918
2012-09-01,0.14,7.8,847.0,231.015
2012-10-01,0.16,7.8,915.0,231.638
2012-11-01,0.16,7.7,833.0,231.249
2012-12-01,0.16,7.9,976.0,231.221
2013-01-01,0.14,8.0,888.0,231.679
2013-02-01,0.15,7.7,962.0,232.937
2013-03-01,0.14,7.5,1010.0,232.282
2013-04-01,0.15,7.6,835.0,231.797
2013-05-01,0.11,7.5,930.0,231.893
2013-06-01,0.09,7.5,839.0,232.445
2013-07-01,0.09,7.3,880.0,232.9
2013-08-01,0.08,7.2,917.0,233.456
2013-09-01,0.08,7.2,850.0,233.544
2013-10-01,0.09,7.2,925.0,233.669
2013-11-01,0.08,6.9,1100.0,234.1
2013-12-01,0.09,6.7,1002.0,234.719
2014-01-01,0.07,6.6,888.0,235.288
2014-02-01,0.07,6.7,944.0,235.547
2014-03-01,0.08,6.7,970.0,236.028
2014-04-01,0.09,6.2,1043.0,236.468
2014-05-01,0.09,6.3,1007.0,236.918
2014-06-01,0.1,6.1,911.0,237.231
2014-07-01,0.09,6.2,1085.0,237.498
2014-08-01,0.09,6.1,984.0,237.46
2014-09-01,0.09,5.9,1023.0,237.477
2014-10-01,0.09,5.7,1074.0,237.43
2014-11-01,0.09,5.8,1001.0,236.983
2014-12-01,0.12,5.6,1073.0,236.252
2015-01-01,0.11,5.7,1085.0,234.747
2015-02-01,0.11,5.5,886.0,235.342
2015-03-01,0.11,5.4,960.0,235.976
2015-04-01,0.12,5.4,1190.0,236.222
2015-05-01,0.12,5.6,1079.0,237.001
2015-06-01,0.13,5.3,1205.0,237.657
2015-07-01,0.13,5.2,1146.0,238.034
2015-08-01,0.14,5.1,1130.0,238.033
2015-09-01,0.14,5.0,1224.0,237.498
2015-10-01,0.12,5.0,1058.0,237.733
2015-11-01,0.12,5.1,1172.0,238.017
2015-12-01,0.24,5.0,1146.0,237.761
2016-01-01,0.34,4.8,1092.0,237.652
2016-02-01,0.38,4.9,1225.0,237.336
2016-03-01,0.36,5.0,1111.0,238.08
2016-04-01,0.37,5.1,1163.0,238.992
2016-05-01,0.37,4.8,1148.0,239.557
2016-06-01,0.38,4.9,1203.0,240.222
2016-07-01,0.39,4.8,1239.0,240.101
2016-08-01,0.4,4.9,1171.0,240.545
2016-09-01,0.4,5.0,1068.0,241.176
2016-10-01,0.4,4.9,1313.0,241.741
2016-11-01,0.41,4.7,1140.0,242.026
2016-12-01,0.54,4.7,1252.0,242.637
2017-01-01,0.65,4.7,1190.0,243.618
2017-02-01,0.66,4.6,1271.0,244.006
2017-03-01,0.79,4.4,1190.0,243.892
2017-04-01,0.9,4.4,1146.0,244.193
2017-05-01,0.91,4.4,1157.0,244.004
2017-06-01,1.04,4.3,1249.0,244.163
2017-07-01,1.15,4.3,1206.0,244.243
2017-08-01,1.16,4.4,1159.0,245.183
2017-09-01,1.15,4.3,1181.0,246.435
2017-10-01,1.15,4.2,1257.0,246.626
2017-11-01,1.16,4.2,1273.0,247.284
2017-12-01,1.3,4.1,1177.0,247.805
2018-01-01,1.41,4.0,1299.0,248.859
2018-02-01,1.42,4.1,1277.0,249.529
2018-03-01,1.51,4.0,1318.0,249.577
2018-04-01,1.69,4.0,1276.0,250.227
2018-05-01,1.7,3.8,1357.0,250.792
2018-06-01,1.82,4.0,1192.0,251.018
2018-07-01,1.91,3.8,1208.0,251.214
2018-08-01,1.91,3.8,1288.0,251.663
2018-09-01,1.95,3.7,1250.0,252.182
2018-10-01,2.19,3.8,1221.0,252.772
2018-11-01,2.2,3.8,1181.0,252.594
2018-12-01,2.27,3.9,1095.0,252.767
2019-01-01,2.4,4.0,1232.0,252.718
2019-02-01,2.4,3.8,1128.0,253.322
2019-03-01,2.41,3.8,1195.0,254.202
2019-04-01,2.42,3.7,1267.0,255.211
2019-05-01,2.39,3.6,1307.0,255.29
2019-06-01,2.38,3.6,1228.0,255.159
2019-07-01,2.4,3.7,1245.0,255.685
2019-08-01,2.13,3.6,1367.0,256.059
2019-09-01,2.04,3.5,1300.0,256.511
2019-10-01,1.83,3.6,1332.0,257.244
2019-11-01,1.55,3.6,1346.0,257.803
2019-12-01,1.55,3.6,1551.0,258.616
2020-01-01,1.55,3.6,1572.0,259.037
2020-02-01,1.58,3.5,1565.0,259.248
2020-03-01,0.65,4.4,1267.0,258.124
2020-04-01,0.05,14.9,925.0,256.092
2020-05-01,0.05,13.3,1054.0,255.868
2020-06-01,0.08,11.0,1266.0,256.986
2020-07-01,0.09,10.2,1529.0,258.278
2020-08-01,0.1,8.4,1377.0,259.411
2020-09-01,0.09,7.8,1463.0,260.029
2020-10-01,0.09,6.8,1537.0,260.286
2020-11-01,0.09,6.7,1545.0,260.813
2020-12-01,0.09,6.7,1663.0,262.035
2021-01-01,0.09,6.4,1602.0,262.65
2021-02-01,0.08,6.2,1422.0,263.638
2021-03-01,0.07,6.1,1700.0,264.914
2021-04-01,0.07,6.1,1484.0,266.67
2021-05-01,0.06,5.8,1600.0,268.444
2021-06-01,0.08,5.9,1661.0,270.559
2021-07-01,0.1,5.4,1593.0,271.764
2021-08-01,0.09,5.1,1576.0,272.87
2021-09-01,0.08,4.7,1560.0,274.028
2021-10-01,0.08,4.5,1572.0,276.522
2021-11-01,0.08,4.1,1712.0,278.711
2021-12-01,0.08,3.9,1787.0,280.887
2022-01-01,0.08,4.0,1669.0,282.599
2022-02-01,0.08,3.8,1771.0,284.61
2022-03-01,0.2,3.6,1713.0,287.472
2022-04-01,0.33,3.7,1803.0,288.611
2022-05-01,0.77,3.6,1543.0,291.268
2022-06-01,1.21,3.6,1561.0,294.728
2022-07-01,1.68,3.5,1371.0,294.628
2022-08-01,2.33,3.6,1505.0,295.32
2022-09-01,2.56,3.5,1463.0,296.539
2022-10-01,3.08,3.6,1432.0,297.987
2022-11-01,3.78,3.6,1427.0,298.598
2022-12-01,4.1,3.5,1357.0,298.99
2023-01-01,4.33,3.4,1340.0,300.536
2023-02-01,4.57,3.6,1436.0,301.648
2023-03-01,4.65,3.5,1380.0,301.808
2023-04-01,4.83,3.4,1348.0,302.918
2023-05-01,5.06,3.7,1583.0,303.294
2023-06-01,5.08,3.6,1418.0,303.841
2023-07-01,5.12,3.5,1451.0,304.348
2023-08-01,5.33,3.8,1305.0,306.269
2023-09-01,5.33,3.8,1356.0,307.481
2023-10-01,5.33,3.8,1359.0,307.619
2023-11-01,5.33,3.7,1560.0,307.917
2023-12-01,5.33,3.7,,
